{
  "AKW": [
    -72.9248501,
    41.3130868
  ],
  "BASS": [
    -72.9218678,
    41.318109299999996
  ],
  "BASSLB": [
    -72.92728369999999,
    41.3107769
  ],
  "BATTEL": [
    -72.9274988,
    41.309394999999995
  ],
  "BCMM": [
    -72.933328,
    41.3023172
  ],
  "BCT": [
    -72.925136,
    41.312604799999995
  ],
  "BF": [
    -72.9249347,
    41.315205999999996
  ],
  "BK": [
    -72.9281338,
    41.310232899999995
  ],
  "BM": [
    -72.9287489,
    41.3075648
  ],
  "BML": [
    -72.934646,
    41.30213
  ],
  "BR": [
    -72.929289,
    41.3095567
  ],
  "BRBL": [
    -72.92730949999999,
    41.311568099999995
  ],
  "BRW35": [
    -72.9301442,
    41.311592999999995
  ],
  "C": [
    -72.92883069999999,
    41.3081579
  ],
  "CCAM": [
    -72.9320315,
    41.3076489
  ],
  "CO451": [
    -72.9310629,
    41.312076999999995
  ],
  "CO493": [
    -72.9256443,
    41.310867599999995
  ],
  "CRB": [
    -72.9226077,
    41.319279699999996
  ],
  "CSC": [
    -72.93343410000001,
    41.3041991
  ],
  "D": [
    -72.9281415,
    41.3096641
  ],
  "DAVIES": [
    -72.92497039999999,
    41.312584900000004
  ],
  "DC": [
    -72.9316417,
    41.31030940000001
  ],
  "DL": [
    -72.9244764,
    41.3123351
  ],
  "DOW": [
    -72.9238505,
    41.311307000000006
  ],
  "EM": [
    -72.9203459,
    41.3149405
  ],
  "ES": [
    -72.93119229999999,
    41.3126141
  ],
  "ESC": [
    -72.9218042,
    41.315974
  ],
  "EVANS": [
    -72.9203459,
    41.3149405
  ],
  "F": [
    -72.9276529,
    41.309056
  ],
  "GH": [
    -72.9272806,
    41.3098537
  ],
  "GML": [
    -72.9245009,
    41.3219383
  ],
  "GRN": [
    -72.9329516,
    41.308332
  ],
  "HEN": [
    -72.9260977,
    41.309404099999995
  ],
  "HLH17": [
    -72.9234539,
    41.3127374
  ],
  "HLH28": [
    -72.9239624,
    41.313843399999996
  ],
  "HQ": [
    -72.9295349,
    41.3121531
  ],
  "JE": [
    -72.9304216,
    41.3089194
  ],
  "K": [
    -72.9246486,
    41.3118917
  ],
  "KGL": [
    -72.9210786,
    41.3165718
  ],
  "KRN": [
    -72.92335349999999,
    41.3167919
  ],
  "KT": [
    -72.922629,
    41.3173271
  ],
  "L": [
    -72.9279379,
    41.3086693
  ],
  "LC": [
    -72.9295435,
    41.3085589
  ],
  "LEPH": [
    -72.932118,
    41.3037199
  ],
  "LFOP": [
    -72.9219222,
    41.321253999999996
  ],
  "LGH": [
    -72.9263228,
    41.3098325
  ],
  "LOM": [
    -72.92427500000001,
    41.312715
  ],
  "LORIA": [
    -72.9315561,
    41.3090333
  ],
  "LUCE": [
    -72.9242742,
    41.3143939
  ],
  "LWR": [
    -72.9286938,
    41.309772699999996
  ],
  "MC": [
    -72.9300997,
    41.312629799999996
  ],
  "MEC": [
    -72.9248693,
    41.313418999999996
  ],
  "ML": [
    -72.923844,
    41.3121951
  ],
  "MY": [
    -72.92577849999999,
    41.3156329
  ],
  "OML": [
    -72.92384539999999,
    41.316729599999995
  ],
  "PC": [
    -72.9326352,
    41.3098992
  ],
  "PH": [
    -72.9281365,
    41.308401499999995
  ],
  "PR77": [
    -72.924582,
    41.3140091
  ],
  "PWG": [
    -72.9307079,
    41.3136209
  ],
  "RDH": [
    -72.9318795,
    41.3087543
  ],
  "RKZ": [
    -72.9244804,
    41.3144387
  ],
  "RSN": [
    -72.9233394,
    41.3111563
  ],
  "S": [
    -72.9238008,
    41.3171385
  ],
  "SA10": [
    -72.9216485,
    41.3152834
  ],
  "SCL": [
    -72.9230346,
    41.317934400000006
  ],
  "SDQ": [
    -72.9220179,
    41.323159
  ],
  "SHM": [
    -72.9338533,
    41.3031892
  ],
  "SLB": [
    -72.9280893,
    41.3117096
  ],
  "SM": [
    -72.9254263,
    41.311371799999996
  ],
  "SMH": [
    -72.9264565,
    41.3106836
  ],
  "SML": [
    -72.92851089999999,
    41.3110273
  ],
  "SPL": [
    -72.9231508,
    41.3173464
  ],
  "SSS": [
    -72.9251955,
    41.3118817
  ],
  "STOECK": [
    -72.9259617,
    41.3104928
  ],
  "SY": [
    -72.9295552,
    41.3101416
  ],
  "TAC": [
    -72.93372819999999,
    41.3014753
  ],
  "TC": [
    -72.9292676,
    41.310637
  ],
  "TD": [
    -72.92397369999999,
    41.3104356
  ],
  "TM432": [
    -72.92234049999999,
    41.3122409
  ],
  "UT": [
    -72.9309895,
    41.3096744
  ],
  "V": [
    -72.92927999999999,
    41.30799150000001
  ],
  "W": [
    -72.92833499999999,
    41.308151099999996
  ],
  "WALL53": [
    -72.9234985,
    41.309934
  ],
  "WALL81": [
    -72.9285735,
    41.3119537
  ],
  "WALL82": [
    -72.9310629,
    41.312076999999995
  ],
  "WGS": [
    -72.9227631,
    41.310772199999995
  ],
  "WH55": [
    -72.9215612,
    41.3118714
  ],
  "WL": [
    -72.9208641,
    41.3190102
  ],
  "WL-W": [
    -72.9208641,
    41.3190102
  ],
  "WLH": [
    -72.9270351,
    41.3107099
  ],
  "WTS": [
    -72.9237646,
    41.315799
  ],
  "YCBA": [
    -72.93053069999999,
    41.3078875
  ],
  "YK212": [
    -72.9355176,
    41.3037776
  ],
  "YK220": [
    -72.9355176,
    41.3037776
  ],
  "YSB": [
    -72.92169,
    41.3174476
  ],
  "YUAG": [
    -72.93095799999999,
    41.308389999999996
  ],
  "BAKER": [
    -72.9288935,
    41.3139739
  ],
  "BOWERS": [
    -72.9238008,
    41.3171385
  ],
  "BRADY": [
    -72.934646,
    41.30213
  ],
  "CO100": [
    -72.9313566,
    41.3040604
  ],
  "CO101": [
    -72.92234309999999,
    41.3163244
  ],
  "CO47": [
    -72.92898319999999,
    41.308630799999996
  ],
  "CR305": [
    -72.9319921,
    41.3071883
  ],
  "CRW353": [
    -72.9335179,
    41.3079068
  ],
  "EDG36": [
    -72.93401899999999,
    41.310279699999995
  ],
  "EDW380": [
    -72.9223703,
    41.3198209
  ],
  "ELM294": [
    -72.9308768,
    41.3108236
  ],
  "GR109": [
    -72.9258874,
    41.3115855
  ],
  "GREEN": [
    -72.9329516,
    41.308332
  ],
  "HLH24": [
    -72.92416899999999,
    41.3134491
  ],
  "HLH37": [
    -72.9227215,
    41.3145069
  ],
  "HLH46": [
    -72.9235965,
    41.315077200000005
  ],
  "HLH51": [
    -72.9225881,
    41.315138399999995
  ],
  "HLH55": [
    -72.92238789999999,
    41.3154342
  ],
  "HOPE": [
    -72.933362,
    41.3022
  ],
  "ISM": [
    -72.9237401,
    41.32315
  ],
  "LEIGH": [
    -72.92632309999999,
    41.30984
  ],
  "MARSH": [
    -72.9238079,
    41.321703899999996
  ],
  "PK205": [
    -72.9359041,
    41.304826999999996
  ],
  "PK217": [
    -72.9359041,
    41.304826999999996
  ],
  "PM": [
    -72.9212249,
    41.3159749
  ],
  "PR135": [
    -72.9242711,
    41.3157232
  ],
  "PR406": [
    -72.924582,
    41.3140091
  ],
  "TRUM87": [
    -72.9243407,
    41.313883
  ],
  "W-OCN": [
    -72.9887651,
    41.2578801
  ],
  "YK149": [
    -72.9310118,
    41.3095595
  ],
  "YK222": [
    -72.9309895,
    41.3096744
  ]
}